cik,company_name,ticker,exchange,n_10k
0000320193,Apple Inc.,AAPL,Nasdaq,10
0001403161,VISA INC.,V,NYSE,10
0001341439,ORACLE CORP,ORCL,NYSE,10
0000909832,COSTCO WHOLESALE CORP /NEW,COST,Nasdaq,10
0000707549,LAM RESEARCH CORP,LRCX,Nasdaq,10
0000006951,APPLIED MATERIALS INC /DE,AMAT,Nasdaq,10
0000820313,AMPHENOL CORP /DE/,APH,NYSE,10
0000315189,DEERE & CO,DE,NYSE,10
0000077476,PEPSICO INC,PEP,Nasdaq,10
0001001838,SOUTHERN COPPER CORP/,SCCO,NYSE,10
0000766704,WELLTOWER INC.,WELL,NYSE,10
0000109198,TJX COMPANIES INC /DE/,TJX,NYSE,10
0001075531,Booking Holdings Inc.,BKNG,Nasdaq,10
0000764180,"ALTRIA GROUP, INC.",MO,NYSE,10
0001035002,VALERO ENERGY CORP/TX,VLO,NYSE,10
0000829224,STARBUCKS CORP,SBUX,Nasdaq,10
0000831259,FREEPORT-MCMORAN INC,FCX,NYSE,10
0001534701,Phillips 66,PSX,NYSE,10
0001050915,"QUANTA SERVICES, INC.",PWR,NYSE,10
0001099590,MERCADOLIBRE INC,MELI,Nasdaq,10
0001404912,KKR & Co. Inc.,KKR,NYSE,10
0000277948,CSX CORP,CSX,Nasdaq,10
0000032604,EMERSON ELECTRIC CO,EMR,NYSE,10
0001156039,"Elevance Health, Inc.",ELV,NYSE,10
0000865752,Monster Beverage Corp,MNST,Nasdaq,10
0000883241,SYNOPSYS INC,SNPS,Nasdaq,10
0001061219,ENTERPRISE PRODUCTS PARTNERS L.P.,EPD,NYSE,10
0000723254,CINTAS CORP,CTAS,Nasdaq,10
0001063761,SIMON PROPERTY GROUP INC.,SPG,NYSE,10
0001103982,"Mondelez International, Inc.",MDLZ,Nasdaq,10
0000049826,ILLINOIS TOOL WORKS INC,ITW,NYSE,10
0000016875,CANADIAN PACIFIC KANSAS CITY LTD/CN,CP,NYSE,10
0000745732,"ROSS STORES, INC.",ROST,Nasdaq,10
0001585689,Hilton Worldwide Holdings Inc.,HLT,NYSE,10
0001276187,Energy Transfer LP,ET,NYSE,10
0001506307,"KINDER MORGAN, INC.",KMI,NYSE,10
0001048911,FEDEX CORP,FDX,NYSE,10
0000002969,"Air Products & Chemicals, Inc.",APD,NYSE,10
0001067701,"UNITED RENTALS, INC.",URI,NYSE,10
0001601046,"Keysight Technologies, Inc.",KEYS,NYSE,10
0000097210,"TERADYNE, INC",TER,Nasdaq,10
0000315293,Aon plc,AON,NYSE,10
0000815556,FASTENAL CO,FAST,Nasdaq,10
0001035983,COMFORT SYSTEMS USA INC,FIX,NYSE,10
0000003570,"Cheniere Energy, Inc.",LNG,NYSE,10
0000073309,NUCOR CORP,NUE,NYSE,10
0001090012,DEVON ENERGY CORP/DE,DVN,NYSE,10
0000320187,"NIKE, Inc.",NKE,NYSE,10
0000726728,REALTY INCOME CORP,O,NYSE,10
0000721371,CARDINAL HEALTH INC,CAH,NYSE,10
0001090872,"AGILENT TECHNOLOGIES, INC.",A,NYSE,10
0000906107,VIVMARK RESIDENTIAL,VMRK,NYSE,10
0001478242,IQVIA HOLDINGS INC.,IQV,NYSE,10
0000769397,"Autodesk, Inc.",ADSK,Nasdaq,10
0000046619,HEICO CORP,HEI,NYSE,10
0001000697,WATERS CORP /DE/,WAT,NYSE,10
0001474432,"Everpure, Inc.",P,NYSE,10
0001408198,MSCI Inc.,MSCI,NYSE,10
0000874716,IDEXX LABORATORIES INC /DE,IDXX,Nasdaq,10
0001058090,CHIPOTLE MEXICAN GRILL INC,CMG,NYSE,10
0001335258,"Live Nation Entertainment, Inc.",LYV,NYSE,10
0001002047,"NetApp, Inc.",NTAP,Nasdaq,10
0000946581,TAKE TWO INTERACTIVE SOFTWARE INC,TTWO,Nasdaq,10
0000878927,"OLD DOMINION FREIGHT LINE, INC.",ODFL,Nasdaq,10
0000723531,PAYCHEX INC,PAYX,Nasdaq,10
0001069183,"AXON ENTERPRISE, INC.",AXON,Nasdaq,10
0000882835,ROPER TECHNOLOGIES INC,ROP,Nasdaq,10
0001511737,Ubiquiti Inc.,UI,NYSE,10
0000916076,MARTIN MARIETTA MATERIALS INC,MLM,NYSE,10
0000875045,BIOGEN INC.,BIIB,Nasdaq,10
0001178670,"ALNYLAM PHARMACEUTICALS, INC.",ALNY,Nasdaq,10
0000788784,PUBLIC SERVICE ENTERPRISE GROUP INC,PEG,NYSE,10
0000947484,ARCH CAPITAL GROUP LTD.,ACGL,Nasdaq,10
0001396009,Vulcan Materials CO,VMC,NYSE,10
0001383650,"Cheniere Energy Partners, L.P.",CQP,NYSE,10
0001037646,METTLER TOLEDO INTERNATIONAL INC/,MTD,NYSE,10
0000815097,Carnival Corp Ltd.,CCL,NYSE,10
0001289490,Extra Space Storage Inc.,EXR,NYSE,10
0000047217,HP INC,HPQ,NYSE,10
0001094285,TELEDYNE TECHNOLOGIES INC,TDY,NYSE,10
0001637459,Kraft Heinz Co,KHC,NYSE,10
0001002910,AMEREN CORP,AEE,NYSE,10
0000029534,DOLLAR GENERAL CORP,DG,NYSE,10
0000719955,WILLIAMS SONOMA INC,WSM,NYSE,10
0001415404,EchoStar CORP,ECHO,Nasdaq,10
0000731802,ATMOS ENERGY CORP,ATO,NYSE,10
0000105770,WEST PHARMACEUTICAL SERVICES INC,WST,NYSE,10
0001175454,"CORPAY, INC.",CPAY,NYSE,10
0001410636,"American Water Works Company, Inc.",AWK,NYSE,10
0000900075,COPART INC,CPRT,Nasdaq,10
0000029905,DOVER Corp,DOV,NYSE,10
0001018963,ATI INC,ATI,NYSE,10
0000011544,BERKLEY W R CORP,WRB,NYSE,10
0001300514,LAS VEGAS SANDS CORP,LVS,NYSE,10
0000048898,HUBBELL INC,HUBB,NYSE,10
0001130310,CENTERPOINT ENERGY INC,CNP,NYSE,10
0000072741,EVERSOURCE ENERGY,ES,NYSE,10
0001524472,Xylem Inc.,XYL,NYSE,10
0000746515,EXPEDITORS INTERNATIONAL OF WASHINGTON INC,EXPD,NYSE,10
0001403568,"Ulta Beauty, Inc.",ULTA,Nasdaq,10
