event_id,flagged_8k_item202,related_accessions
0001090872-16-000082_same,False,
0001090872-17-000018_same,False,
0001090872-18-000019_same,False,
0001090872-19-000022_same,False,
0001090872-20-000020_same,False,
0001090872-21-000027_same,False,
0001090872-22-000026_same,False,
0001090872-23-000020_same,False,
0001090872-24-000049_same,False,
0001090872-25-000087_same,False,
0001628280-16-020309_same,True,0001628280-16-020258
0000320193-17-000070_same,True,0000320193-17-000067
0000320193-18-000145_same,False,
0000320193-19-000119_same,True,0000320193-19-000117
0000320193-20-000096_same,True,0000320193-20-000094
0000320193-21-000105_same,True,0000320193-21-000104
0000320193-22-000108_same,True,0000320193-22-000107
0000320193-23-000106_same,True,0000320193-23-000104
0000320193-24-000123_same,True,0000320193-24-000120
0000320193-25-000079_same,True,0000320193-25-000077
0000947484-17-000015_same,False,
0000947484-18-000012_same,False,
0000947484-19-000008_same,False,
0000947484-20-000012_same,False,
0000947484-21-000028_same,False,
0000947484-22-000015_same,False,
0000947484-23-000015_same,False,
0000947484-24-000020_same,False,
0000947484-25-000017_same,False,
0000947484-26-000017_same,False,
0000769397-16-000067_same,False,
0000769397-17-000014_same,False,
0000769397-18-000011_same,False,
0000769397-19-000016_same,False,
0000769397-20-000013_same,False,
0000769397-21-000014_same,False,
0000769397-22-000019_same,False,
0000769397-23-000036_same,False,
0000769397-24-000090_same,True,0000769397-24-000095
0000769397-25-000019_same,False,
0001002910-17-000054_same,False,
0001002910-18-000069_same,False,
0001002910-19-000094_same,False,
0001002910-20-000077_same,False,
0001002910-21-000065_same,True,0001628280-21-002490
0001002910-22-000038_same,False,
0001002910-23-000053_same,False,
0001002910-24-000056_same,False,
0001002910-25-000055_same,False,
0001002910-26-000009_same,False,
0001564590-17-001649_same,False,
0001564590-18-002152_same,False,
0001564590-19-003022_same,False,
0001178670-20-000004_same,False,
0001178670-21-000010_same,True,0001157523-21-000169
0001178670-22-000013_same,True,0001157523-22-000175
0001178670-23-000005_same,True,0001157523-23-000344
0001178670-24-000008_same,True,0001157523-24-000253
0001178670-25-000026_same,False,
0001628280-26-007497_same,True,0001628280-26-007491
0000006951-16-000068_same,False,
0000006951-17-000038_same,False,
0000006951-18-000041_same,False,
0000006951-19-000046_same,False,
0000006951-20-000048_same,False,
0000006951-21-000043_same,False,
0000006951-22-000043_same,False,
0000006951-23-000041_same,False,
0000006951-24-000044_same,False,
0001628280-25-056742_same,False,
0001628280-17-001652_same,False,
0001628280-18-001923_same,False,
0001628280-19-001558_same,False,
0001628280-20-001607_same,False,
0001628280-21-002574_same,False,
0001628280-22-003180_same,False,
0001628280-23-004087_same,False,
0001628280-24-005392_same,False,
0001628280-25-006093_same,False,
0001628280-26-008116_same,False,
0001193125-16-773346_same,False,
0000002969-17-000039_same,False,
0000002969-18-000044_same,False,
0000002969-19-000051_same,False,
0000002969-20-000049_same,False,
0000002969-21-000055_same,False,
0000002969-22-000054_same,False,
0000002969-23-000047_same,False,
0000002969-24-000056_same,False,
0000002969-25-000055_same,False,
0001558370-17-000659_same,False,
0001558370-18-000871_same,False,
0001558370-19-000636_same,False,
0001558370-20-000728_same,False,
0001558370-21-000881_same,False,
0001558370-22-000961_same,False,
0001558370-23-001036_same,False,
0001558370-24-000866_same,False,
0001558370-25-000714_same,False,
0001104659-26-013549_same,False,
0001018963-17-000007_same,False,
0001018963-18-000004_same,False,
0001018963-19-000007_same,False,
0001018963-20-000004_same,False,
0001628280-21-003434_same,False,
0001628280-22-003961_same,False,
0001628280-23-005017_same,False,
0001628280-24-006606_same,False,
0001628280-25-007092_same,False,
0001628280-26-010140_same,False,
0000731802-16-000066_same,False,
0000731802-17-000041_same,False,
0000731802-18-000039_same,False,
0000731802-19-000037_same,False,
0000731802-20-000040_same,True,0000731802-20-000034
0000731802-21-000040_same,False,
0000731802-22-000037_same,False,
0000731802-23-000028_same,False,
0000731802-24-000030_same,False,
0000731802-25-000056_same,False,
0001564590-17-001899_same,True,0001564590-17-001903
0001410636-18-000076_same,True,0001410636-18-000077
0001410636-19-000041_same,True,0001410636-19-000047
0001410636-20-000040_same,True,0001410636-20-000042
0001410636-21-000101_same,True,0001193125-21-054733
0001410636-22-000048_same,True,0001410636-22-000049
0001410636-23-000020_same,True,0001410636-23-000021
0001410636-24-000050_same,True,0001410636-24-000051
0001410636-25-000022_same,True,0001410636-25-000023
0001410636-26-000034_same,True,0001410636-26-000035
0001069183-17-000042_same,False,
0001069183-18-000020_same,False,
0001069183-19-000023_same,True,0001069183-19-000019
0001069183-20-000016_same,True,0001069183-20-000015
0001558370-21-001873_same,True,0001558370-21-001811
0001558370-22-002006_same,True,0001558370-22-001951
0001558370-23-002413_same,True,0001069183-23-000004
0001069183-24-000006_same,True,0001069183-24-000003
0001069183-25-000019_same,False,
0001628280-26-011360_same,True,0001628280-26-011106
0000875045-17-000009_same,False,
0000875045-18-000005_same,False,
0000875045-19-000006_same,False,
0000875045-20-000005_same,False,
0000875045-21-000010_same,True,0000875045-21-000005
0000875045-22-000007_same,True,0000875045-22-000003
0000875045-23-000009_same,True,0000875045-23-000005
0000875045-24-000009_same,True,0000875045-24-000004
0000875045-25-000009_same,True,0000875045-25-000004
0000875045-26-000013_same,True,0000875045-26-000011
0001075531-17-000009_same,True,0001075531-17-000007
0001075531-18-000015_same,True,0001075531-18-000013
0001075531-19-000009_same,True,0001075531-19-000007
0001075531-20-000011_same,True,0001075531-20-000009
0001075531-21-000019_same,True,0001075531-21-000016
0001075531-22-000008_same,True,0001075531-22-000006
0001075531-23-000016_same,True,0001075531-23-000012
0001075531-24-000014_same,True,0001075531-24-000011
0001075531-25-000010_same,True,0001075531-25-000009
0001075531-26-000009_same,True,0001075531-26-000008
0000721371-16-000277_same,False,
0000721371-17-000083_same,False,
0000721371-18-000077_same,False,
0000721371-19-000090_same,False,
0000721371-20-000089_same,False,
0000721371-21-000080_same,False,
0000721371-22-000058_same,True,0000721371-22-000054
0000721371-23-000060_same,True,0000721371-23-000058
0000721371-24-000056_same,True,0000721371-24-000054
0000721371-25-000079_same,True,0000721371-25-000075
0000815097-17-000001_same,False,
0000815097-18-000005_same,False,
0000815097-19-000004_same,False,
0000815097-20-000003_same,False,
0000815097-21-000027_same,False,
0000815097-22-000009_same,False,
0000815097-23-000012_same,False,
0000815097-24-000011_same,False,
0000815097-25-000007_same,False,
0000815097-26-000007_same,False,
0001058090-17-000009_same,False,
0001058090-18-000018_same,False,
0001058090-19-000007_same,False,
0001058090-20-000010_same,True,0001058090-20-000008
0001058090-21-000010_same,False,
0001058090-22-000011_same,False,
0001058090-23-000010_same,False,
0001562762-24-000023_same,False,
0001058090-25-000014_same,True,0001058090-25-000008
0001058090-26-000009_same,True,0001058090-26-000007
0001130310-17-000006_same,True,0001193125-17-060180
0001130310-18-000003_same,True,0001193125-18-052974
0001130310-19-000016_same,True,0001193125-19-055474
0001130310-20-000016_same,True,0001130310-20-000017
0001130310-21-000009_same,True,0001193125-21-055623
0001130310-22-000023_same,True,0001130310-22-000025
0001130310-23-000013_same,True,0001130310-23-000014
0001130310-24-000010_same,True,0001130310-24-000011
0001130310-25-000040_same,True,0001130310-25-000043
0001130310-26-000008_same,True,0001130310-26-000010
0000909832-16-000032_same,False,
0000909832-17-000014_same,False,
0000909832-18-000013_same,False,
0000909832-19-000019_same,False,
0000909832-20-000017_same,False,
0000909832-21-000014_same,False,
0000909832-22-000021_same,False,
0000909832-23-000042_same,False,
0000909832-24-000049_same,False,
0000909832-25-000101_same,False,
0000016875-17-000015_same,False,
0000016875-18-000029_same,False,
0000016875-19-000017_same,False,
0000016875-20-000007_same,False,
0000016875-21-000008_same,False,
0000016875-22-000010_same,False,
0000016875-23-000008_same,False,
0000016875-24-000009_same,False,
0000016875-25-000008_same,False,
0000016875-26-000008_same,False,
0001175454-17-000005_same,False,
0001175454-18-000007_same,False,
0001175454-19-000004_same,False,
0001175454-20-000008_same,False,
0001175454-21-000022_same,False,
0001628280-22-004531_same,False,
0001628280-23-005444_same,False,
0001628280-24-008060_same,False,
0001628280-25-008746_same,False,
0001175454-26-000018_same,False,
0000900075-16-000081_same,False,
0000900075-17-000044_same,False,
0000900075-18-000048_same,False,
0000900075-19-000022_same,False,
0000900075-20-000021_same,False,
0000900075-21-000022_same,False,
0000900075-22-000050_same,False,
0000900075-23-000034_same,False,
0000900075-24-000024_same,False,
0001628280-25-042946_same,False,
0001383650-17-000011_same,False,
0001383650-18-000005_same,True,0001383650-18-000007
0001383650-19-000005_same,True,0001383650-19-000007
0001383650-20-000006_same,True,0001383650-20-000008
0001383650-21-000005_same,True,0001383650-21-000010
0001383650-22-000005_same,True,0001383650-22-000007
0001383650-23-000008_same,True,0001383650-23-000009
0001383650-24-000013_same,True,0001383650-24-000015
0001383650-25-000007_same,True,0001383650-25-000009
0001383650-26-000005_same,True,0001383650-26-000006
0000277948-17-000009_same,False,
0000277948-18-000009_same,False,
0000277948-19-000011_same,False,
0000277948-20-000008_same,False,
0000277948-21-000014_same,False,
0000277948-22-000009_same,False,
0000277948-23-000006_same,False,
0000277948-24-000010_same,False,
0000277948-25-000008_same,False,
0000277948-26-000006_same,False,
0000723254-16-000050_same,False,
0000723254-17-000020_same,False,
0000723254-18-000015_same,False,
0000723254-19-000021_same,False,
0000723254-20-000025_same,False,
0000723254-21-000021_same,False,
0000723254-22-000019_same,False,
0000723254-23-000025_same,False,
0000723254-24-000036_same,False,
0000723254-25-000017_same,False,
0001047469-16-017244_same,False,
0001047469-17-007719_same,False,
0001047469-18-007694_same,False,
0001558370-19-011614_same,False,
0001558370-20-014436_same,False,
0001558370-21-016864_same,False,
0001558370-22-018703_same,False,
0001558370-23-019812_same,False,
0001558370-24-016169_same,False,
0001104659-25-122321_same,False,
0001558370-17-002116_same,False,
0001558370-18-002366_same,False,
0001558370-19-002383_same,False,
0001558370-20-002915_same,False,
0001558370-21-003245_same,True,0001157523-21-000359
0001558370-22-003921_same,True,0001157523-22-000340
0001558370-23-004574_same,False,
0001558370-24-003813_same,False,
0001558370-25-003413_same,False,
0001104659-26-032325_same,False,
0000029905-17-000011_same,False,
0000029905-18-000013_same,False,
0000029905-19-000019_same,False,
0000029905-20-000011_same,False,
0000029905-21-000010_same,False,
0000029905-22-000009_same,False,
0000029905-23-000008_same,False,
0000029905-24-000008_same,False,
0000029905-25-000006_same,False,
0000029905-26-000009_same,False,
0001564590-17-001607_same,True,0001193125-17-043410
0001564590-18-002582_same,True,0001193125-18-050576
0001564590-19-003382_same,True,0001193125-19-044388
0001564590-20-005182_same,True,0001193125-20-040578
0001564590-21-006239_same,True,0001193125-21-045354
0001564590-22-005321_same,True,0001193125-22-043405
0000950170-23-002852_same,True,0001193125-23-039127
0000950170-24-021781_same,True,0001193125-24-047938
0000950170-25-022844_same,True,0001193125-25-028614
0001193125-26-056485_same,True,0001193125-26-054657
0001415404-17-000010_same,True,0001415404-17-000012
0001415404-18-000005_same,False,
0001415404-19-000003_same,False,
0001415404-20-000005_same,False,
0001415404-21-000005_same,False,
0001415404-22-000005_same,False,
0001415404-23-000005_same,False,
0001558370-24-002209_same,False,
0001558370-25-001663_same,False,
0001104659-26-021817_same,False,
0001156039-17-000002_same,False,
0001156039-18-000003_same,False,
0001156039-19-000004_same,False,
0001156039-20-000003_same,False,
0001156039-21-000012_same,False,
0001156039-22-000009_same,False,
0001156039-23-000007_same,False,
0001156039-24-000015_same,False,
0001156039-25-000010_same,False,
0001156039-26-000013_same,False,
0000032604-16-000105_same,False,
0000032604-17-000046_same,False,
0000032604-18-000044_same,False,
0000032604-19-000048_same,False,
0000032604-20-000041_same,False,
0000032604-21-000038_same,False,
0000032604-22-000041_same,False,
0000032604-23-000044_same,False,
0000032604-24-000041_same,False,
0000032604-25-000087_same,False,
0001061219-17-000008_same,False,
0001061219-18-000008_same,False,
0001061219-19-000007_same,False,
0001061219-20-000014_same,False,
0001061219-21-000009_same,False,
0001061219-22-000008_same,False,
0001061219-23-000006_same,False,
0001061219-24-000006_same,False,
0001061219-25-000006_same,False,
0001061219-26-000006_same,False,
0000072741-17-000007_same,False,
0000072741-18-000028_same,False,
0000072741-19-000017_same,False,
0000072741-20-000008_same,False,
0000072741-21-000005_same,True,0001104659-21-024048
0000072741-22-000015_same,True,0001104659-22-024270
0000072741-23-000004_same,False,
0000072741-24-000005_same,True,0001104659-24-022557
0000072741-25-000007_same,False,
0001628280-26-008461_same,False,
0001276187-17-000023_same,False,
0001276187-18-000011_same,False,
0001276187-19-000011_same,False,
0001276187-20-000011_same,False,
0001276187-21-000034_same,False,
0001276187-22-000020_same,False,
0001276187-23-000014_same,False,
0001276187-24-000024_same,False,
0001276187-25-000018_same,False,
0001276187-26-000013_same,False,
0000746515-17-000007_same,False,
0000746515-18-000004_same,False,
0000746515-19-000004_same,False,
0001564590-20-005719_same,False,
0001564590-21-006925_same,False,
0001564590-22-010381_same,False,
0000950170-23-005412_same,False,
0000950170-24-019394_same,False,
0000950170-25-024750_same,False,
0001193125-26-071569_same,True,0001193125-26-066101
0001628280-17-001815_same,False,
0001628280-18-002649_same,False,
0001628280-19-001968_same,False,
0001628280-20-002202_same,False,
0001628280-21-003458_same,False,
0001628280-22-004274_same,False,
0001628280-23-005628_same,False,
0001628280-24-008044_same,False,
0001628280-25-009060_same,False,
0001289490-26-000011_same,True,0001289490-26-000007
0000815556-17-000009_same,False,
0000815556-18-000010_same,False,
0000815556-19-000015_same,False,
0000815556-20-000011_same,False,
0000815556-21-000008_same,False,
0000815556-22-000009_same,False,
0000815556-23-000009_same,False,
0000815556-24-000009_same,False,
0000815556-25-000065_same,False,
0000815556-26-000009_same,False,
0000831259-17-000012_same,False,
0000831259-18-000008_same,False,
0000831259-19-000009_same,False,
0000831259-20-000004_same,False,
0000831259-21-000009_same,False,
0000831259-22-000009_same,False,
0000831259-23-000013_same,False,
0000831259-24-000011_same,False,
0000831259-25-000006_same,False,
0000831259-26-000012_same,False,
0001193125-16-650267_same,False,
0000950123-17-006152_same,False,
0001564590-18-016877_same,False,
0001564590-19-025065_same,False,
0001564590-20-032775_same,False,
0001564590-21-037031_same,False,
0000950170-22-012762_same,False,
0000950170-23-033201_same,False,
0000950170-24-083577_same,False,
0001048911-25-000011_same,False,
0001558370-17-000882_same,True,0001558370-17-000881
0001558370-18-000936_same,True,0001558370-18-000935
0001558370-19-000857_same,True,0001558370-19-000856
0001558370-20-001491_same,True,0001558370-20-001484
0001558370-21-001828_same,True,0001558370-21-001813
0001558370-22-001753_same,True,0001558370-22-001745
0001558370-23-001757_same,True,0001558370-23-001749
0001558370-24-001529_same,True,0001558370-24-001528
0001558370-25-001222_same,True,0001558370-25-001221
0001104659-26-017530_same,True,0001104659-26-017529
0000046619-16-000162_same,False,
0000046619-17-000085_same,False,
0000046619-18-000117_same,False,
0000046619-19-000095_same,False,
0000046619-20-000078_same,False,
0000046619-21-000085_same,False,
0000046619-22-000066_same,False,
0000046619-23-000163_same,False,
0000046619-24-000111_same,False,
0000046619-25-000082_same,False,
0001585689-17-000038_same,True,0001585689-17-000036
0001585689-18-000033_same,True,0001585689-18-000030
0001585689-19-000034_same,True,0001585689-19-000032
0001585689-20-000013_same,True,0001585689-20-000010
0001585689-21-000016_same,True,0001585689-21-000011
0001585689-22-000013_same,True,0001585689-22-000009
0001585689-23-000036_same,True,0001585689-23-000032
0001585689-24-000027_same,True,0001585689-24-000023
0001585689-25-000008_same,True,0001585689-25-000006
0001585689-26-000007_same,True,0001585689-26-000005
0000047217-16-000093_same,False,
0000047217-17-000043_same,False,
0000047217-18-000052_same,False,
0000047217-19-000071_same,False,
0000047217-20-000045_same,False,
0000047217-21-000060_same,False,
0000047217-22-000068_same,False,
0000047217-23-000100_same,False,
0000047217-24-000080_same,False,
0000047217-25-000071_same,False,
0001628280-17-001423_same,False,
0001628280-18-001740_same,False,
0001628280-19-001446_same,False,
0001628280-20-001557_same,False,
0001628280-21-001868_same,False,
0001628280-22-002255_same,False,
0001628280-23-002875_same,False,
0001628280-24-003792_same,False,
0001628280-25-005311_same,False,
0001628280-26-007500_same,False,
0000874716-17-000004_same,False,
0000874716-18-000005_same,False,
0000874716-19-000004_same,False,
0000874716-20-000006_same,False,
0000874716-21-000008_same,False,
0000874716-22-000007_same,False,
0000874716-23-000006_same,False,
0000874716-24-000057_same,False,
0000874716-25-000037_same,False,
0000874716-26-000038_same,False,
0001193125-17-046709_same,False,
0001564590-18-002340_same,False,
0001564590-19-003180_same,False,
0001564590-20-004901_same,False,
0001478242-21-000020_same,False,
0001478242-22-000041_same,True,0001157523-22-000202
0001478242-23-000044_same,False,
0001478242-24-000038_same,True,0001157523-24-000236
0001478242-25-000045_same,False,
0001628280-26-008322_same,False,
0000049826-17-000022_same,False,
0000049826-18-000017_same,False,
0000049826-19-000021_same,False,
0000049826-20-000020_same,False,
0000049826-21-000007_same,False,
0000049826-22-000006_same,False,
0000049826-23-000008_same,False,
0000049826-24-000008_same,False,
0000049826-25-000007_same,False,
0000049826-26-000008_same,False,
0001601046-16-000077_same,False,
0001601046-17-000033_same,False,
0001601046-18-000030_same,False,
0001601046-19-000110_same,False,
0001601046-20-000154_same,False,
0001601046-21-000197_same,False,
0001601046-22-000161_same,False,
0001601046-23-000134_same,False,
0001601046-24-000159_same,False,
0001601046-25-000127_same,False,
0001637459-17-000007_same,False,
0001637459-18-000015_same,True,0001637459-18-000013
0001637459-19-000049_same,True,0001637459-19-000050
0001637459-20-000027_same,True,0001637459-20-000022
0001637459-21-000009_same,False,
0001637459-22-000018_same,True,0001637459-22-000015
0001637459-23-000009_same,True,0001637459-23-000005
0001637459-24-000018_same,True,0001637459-24-000013
0001637459-25-000011_same,True,0001637459-25-000006
0001637459-26-000009_same,True,0001637459-26-000006
0001404912-17-000005_same,False,
0001404912-18-000005_same,False,
0001404912-19-000006_same,False,
0001404912-20-000006_same,False,
0001404912-21-000008_same,False,
0001404912-22-000004_same,False,
0001404912-23-000005_same,False,
0001404912-24-000005_same,False,
0001404912-25-000015_same,False,
0001404912-26-000007_same,False,
0001506307-17-000008_same,False,
0001506307-18-000010_same,False,
0001506307-19-000033_same,False,
0001506307-20-000022_same,False,
0001506307-21-000022_same,False,
0001506307-22-000018_same,False,
0001506307-23-000023_same,False,
0001506307-24-000011_same,False,
0001506307-25-000008_same,False,
0001506307-26-000011_same,False,
0000003570-17-000052_same,False,
0000003570-18-000031_same,True,0000003570-18-000050
0000003570-19-000030_same,True,0000003570-19-000032
0000003570-20-000043_same,True,0000003570-20-000045
0000003570-21-000039_same,True,0000003570-21-000042
0000003570-22-000024_same,True,0000003570-22-000025
0000003570-23-000042_same,True,0000003570-23-000043
0000003570-24-000040_same,True,0000003570-24-000043
0000003570-25-000033_same,True,0000003570-25-000036
0000003570-26-000005_same,True,0000003570-26-000006
0000707549-16-000050_same,False,
0000707549-17-000100_same,False,
0000707549-18-000115_same,False,
0000707549-19-000124_same,False,
0000707549-20-000138_same,False,
0000707549-21-000136_same,False,
0000707549-22-000107_same,False,
0000707549-23-000102_same,False,
0000707549-24-000106_same,False,
0000707549-25-000075_same,False,
0001300514-17-000005_same,False,
0001300514-18-000022_same,False,
0001300514-19-000021_same,False,
0001300514-20-000011_same,False,
0001300514-21-000033_same,False,
0001300514-22-000007_same,False,
0001300514-23-000021_same,False,
0001300514-24-000048_same,False,
0001300514-25-000040_same,False,
0001300514-26-000013_same,False,
0001335258-17-000031_same,True,0001335258-17-000030
0001335258-18-000023_same,True,0001335258-18-000022
0001335258-19-000024_same,True,0001335258-19-000022
0001335258-20-000028_same,True,0001335258-20-000027
0001335258-21-000009_same,False,
0001335258-22-000019_same,True,0001335258-22-000018
0001335258-23-000014_same,True,0001335258-23-000013
0001335258-24-000017_same,True,0001335258-24-000015
0001335258-25-000028_same,True,0001335258-25-000027
0001335258-26-000009_same,True,0001335258-26-000007
0001193125-17-055858_same,False,
0001193125-18-037332_same,False,
0001103982-19-000005_same,False,
0001103982-20-000003_same,False,
0001103982-21-000004_same,False,
0001103982-22-000003_same,False,
0001103982-23-000006_same,False,
0001103982-24-000019_same,False,
0001103982-25-000030_same,True,0001103982-25-000024
0001628280-26-005345_same,True,0001628280-26-005016
0001562762-17-000024_same,True,0001171843-17-001061
0001562762-18-000040_same,True,0001171843-18-001358
0001562762-19-000047_same,False,
0001562762-20-000055_same,False,
0001562762-21-000079_same,True,0001562762-21-000077
0001562762-22-000049_same,True,0001562762-22-000045
0001099590-23-000007_same,True,0001099590-23-000004
0001099590-24-000008_same,True,0001099590-24-000005
0001099590-25-000007_same,True,0001099590-25-000004
0001099590-26-000006_same,True,0001099590-26-000003
0001193125-17-056282_same,False,
0001193125-18-055887_same,False,
0001193125-19-049961_same,False,
0001564590-20-005784_same,False,
0001564590-21-006959_same,False,
0001564590-22-005965_same,False,
0000950170-23-004361_same,False,
0000950170-24-019275_same,False,
0000950170-25-024770_same,False,
0001193125-26-059193_same,False,
0001104659-17-013048_same,True,0001104659-17-013039
0001104659-18-014057_same,True,0001104659-18-013446
0001104659-19-011581_same,True,0001104659-19-011114
0001104659-20-027209_same,True,0001104659-20-026177
0001104659-21-029943_same,False,
0001104659-22-028182_same,False,
0001104659-23-027245_same,True,0001104659-23-026733
0001104659-24-029425_same,True,0001104659-24-028756
0001410578-25-000248_same,True,0001104659-25-018243
0001104659-26-020831_same,True,0001104659-26-020525
0000764180-17-000028_same,False,
0000764180-18-000028_same,False,
0000764180-19-000023_same,False,
0000764180-20-000018_same,False,
0000764180-21-000037_same,False,
0000764180-22-000019_same,False,
0000764180-23-000020_same,False,
0000764180-24-000018_same,False,
0000764180-25-000019_same,False,
0000764180-26-000017_same,False,
0001564590-17-002336_same,False,
0001564590-18-003147_same,False,
0001564590-19-003885_same,False,
0001564590-20-004992_same,False,
0001564590-21-005811_same,False,
0001564590-22-004803_same,False,
0001408198-23-000011_same,False,
0001408198-24-000030_same,False,
0001408198-25-000053_same,False,
0001408198-26-000011_same,False,
0001037646-17-000004_same,True,0001037646-17-000002
0001037646-18-000006_same,True,0001037646-18-000002
0001037646-19-000010_same,True,0001037646-19-000002
0001037646-20-000005_same,True,0001037646-20-000002
0001037646-21-000008_same,False,
0001037646-22-000008_same,True,0001037646-22-000006
0001037646-23-000005_same,True,0001037646-23-000002
0001037646-24-000007_same,True,0001037646-24-000005
0001037646-25-000012_same,False,
0001037646-26-000011_same,True,0001037646-26-000008
0000320187-16-000336_same,False,
0000320187-17-000090_same,False,
0000320187-18-000142_same,False,
0000320187-19-000051_same,False,
0000320187-20-000047_same,False,
0000320187-21-000028_same,False,
0000320187-22-000038_same,False,
0000320187-23-000039_same,False,
0000320187-24-000044_same,False,
0000320187-25-000047_same,False,
0001564590-16-020754_same,False,
0001564590-17-012758_same,False,
0001564590-18-015820_same,False,
0001564590-19-022779_same,False,
0001564590-20-029349_same,False,
0001564590-21-033645_same,False,
0000950170-22-011708_same,False,
0000950170-23-027948_same,False,
0000950170-24-071327_same,False,
0000950170-25-083705_same,False,
0001193125-17-062124_same,False,
0001193125-18-064018_same,False,
0001193125-19-057744_same,False,
0001564590-20-007794_same,False,
0001564590-21-009503_same,False,
0001564590-22-007679_same,False,
0001564590-23-002793_same,False,
0000950170-24-021195_same,False,
0000950170-25-028427_same,False,
0001193125-26-071575_same,False,
0001104659-17-011170_same,True,0001104659-17-010896
0001104659-18-011376_same,True,0001104659-18-011090
0000726728-19-000038_same,False,
0000726728-20-000033_same,False,
0000726728-21-000043_same,True,0000726728-21-000037
0000726728-22-000046_same,True,0000726728-22-000042
0000726728-23-000044_same,True,0000726728-23-000038
0000726728-24-000047_same,True,0000726728-24-000040
0000726728-25-000055_same,True,0000726728-25-000049
0000726728-26-000011_same,True,0000726728-26-000009
0000878927-17-000005_same,False,
0000878927-18-000005_same,False,
0001564590-19-004755_same,False,
0001564590-20-006626_same,False,
0001564590-21-008056_same,False,
0001564590-22-006303_same,False,
0000950170-23-003783_same,False,
0000950170-24-020176_same,False,
0000950170-25-026661_same,False,
0001193125-26-067161_same,False,
0001193125-16-628942_same,False,
0001193125-17-214833_same,False,
0001193125-18-201034_same,False,
0001564590-19-023119_same,False,
0001564590-20-030125_same,False,
0001564590-21-033616_same,False,
0001564590-22-023675_same,False,
0000950170-23-028914_same,False,
0000950170-24-075605_same,False,
0000950170-25-087926_same,False,
0001564590-16-015322_same,False,
0001628280-17-003034_same,False,
0001628280-18-003579_same,False,
0001628280-19-003437_same,False,
0001628280-20-004133_same,False,
0001628280-21-005538_same,False,
0001628280-22-008643_same,False,
0001628280-23-010275_same,False,
0001628280-24-013860_same,False,
0001628280-25-015044_same,False,
0000723531-16-000046_same,False,
0000723531-17-000023_same,False,
0000723531-18-000026_same,False,
0000723531-19-000032_same,False,
0000723531-20-000048_same,False,
0000723531-21-000035_same,False,
0000950170-22-012734_same,False,
0000950170-23-032988_same,False,
0000950170-24-082958_same,False,
0000950170-25-095300_same,False,
0000788784-17-000003_same,True,0001193125-17-055082
0000788784-18-000004_same,True,0001193125-18-054974
0000788784-19-000005_same,True,0001193125-19-052958
0000788784-20-000004_same,True,0001193125-20-049323
0000788784-21-000007_same,True,0001193125-21-058671
0001628280-22-003860_same,True,0001193125-22-051232
0001628280-23-004411_same,True,0001193125-23-043043
0001628280-24-006885_same,True,0001193125-24-045482
0000950170-25-026874_same,True,0001193125-25-034436
0001193125-26-077446_same,True,0001193125-26-073678
0000077476-17-000010_same,True,0000077476-17-000005
0000077476-18-000012_same,True,0000077476-18-000007
0000077476-19-000017_same,True,0000077476-19-000013
0000077476-20-000015_same,True,0000077476-20-000016
0000077476-21-000007_same,True,0000077476-21-000009
0000077476-22-000010_same,True,0000077476-22-000011
0000077476-23-000007_same,True,0000077476-23-000009
0000077476-24-000008_same,True,0000077476-24-000010
0000077476-25-000007_same,True,0000077476-25-000008
0000077476-26-000007_same,True,0000077476-26-000009
0001534701-17-000051_same,False,
0001534701-18-000065_same,False,
0001534701-19-000063_same,False,
0001534701-20-000070_same,False,
0001534701-21-000074_same,False,
0001534701-22-000078_same,False,
0001534701-23-000053_same,False,
0001534701-24-000078_same,False,
0001534701-25-000074_same,False,
0001534701-26-000006_same,False,
0001193125-17-064821_same,False,
0001050915-18-000003_same,False,
0001050915-19-000014_same,False,
0001050915-20-000020_same,True,0001193125-20-050982
0001050915-21-000009_same,False,
0001050915-22-000008_same,True,0001193125-22-051033
0001050915-23-000010_same,True,0001193125-23-045600
0001050915-24-000009_same,True,0001193125-24-042070
0001050915-25-000005_same,True,0001193125-25-030081
0001050915-26-000006_same,True,0001193125-26-058069
0000882835-17-000006_same,False,
0000882835-18-000011_same,False,
0000882835-19-000010_same,False,
0000882835-20-000006_same,False,
0000882835-21-000011_same,False,
0000882835-22-000012_same,False,
0000882835-23-000016_same,False,
0000882835-24-000008_same,False,
0000882835-25-000008_same,False,
0000882835-26-000009_same,False,
0000745732-17-000009_same,False,
0000745732-18-000004_same,False,
0000745732-19-000009_same,False,
0000745732-20-000016_same,False,
0000745732-21-000017_same,False,
0000745732-22-000014_same,False,
0000745732-23-000013_same,False,
0000745732-24-000009_same,False,
0000745732-25-000010_same,False,
0000745732-26-000006_same,False,
0000829224-16-000083_same,False,
0000829224-17-000049_same,False,
0000829224-18-000052_same,False,
0000829224-19-000051_same,False,
0000829224-20-000078_same,False,
0000829224-21-000086_same,False,
0000829224-22-000058_same,False,
0000829224-23-000058_same,False,
0000829224-24-000057_same,False,
0000829224-25-000114_same,False,
0001047469-17-001143_same,False,
0001047469-18-001211_same,False,
0001047469-19-000845_same,False,
0001558370-20-001781_same,False,
0001558370-21-001894_same,False,
0001558370-22-002968_same,False,
0001558370-23-002328_same,False,
0001558370-24-002119_same,False,
0001558370-25-002017_same,False,
0001104659-26-021492_same,False,
0000883241-16-000027_same,False,
0000883241-17-000014_same,False,
0000883241-18-000012_same,False,
0000883241-19-000019_same,False,
0000883241-20-000015_same,False,
0000883241-21-000022_same,False,
0000883241-22-000017_same,False,
0000883241-23-000019_same,False,
0000883241-24-000024_same,False,
0000883241-25-000028_same,False,
0001558370-17-000934_same,False,
0001558370-18-000981_same,False,
0001558370-19-000875_same,False,
0001558370-20-001135_same,False,
0001558370-21-001700_same,False,
0001558370-22-001845_same,False,
0001558370-23-001840_same,False,
0001558370-24-001532_same,False,
0001558370-25-001271_same,False,
0001104659-26-019419_same,False,
0001094285-17-000031_same,False,
0001094285-18-000053_same,False,
0001094285-19-000064_same,False,
0001094285-20-000045_same,False,
0001094285-21-000066_same,False,
0001094285-22-000049_same,False,
0001094285-23-000053_same,False,
0001094285-24-000044_same,False,
0001094285-25-000053_same,False,
0001094285-26-000017_same,False,
0001193125-17-064638_same,False,
0001193125-18-066579_same,False,
0001193125-19-059974_same,False,
0001193125-20-058676_same,False,
0001193125-21-050735_same,False,
0001193125-22-049828_same,False,
0001193125-23-044711_same,False,
0000950170-24-018701_same,False,
0000950170-25-023784_same,False,
0001193125-26-059002_same,False,
0001193125-16-521424_same,False,
0001193125-17-099642_same,False,
0001193125-18-107423_same,False,
0001628280-19-003834_same,False,
0000109198-20-000004_same,False,
0000109198-21-000006_same,False,
0000109198-22-000008_same,False,
0000109198-23-000004_same,False,
0000109198-24-000014_same,False,
0000109198-25-000010_same,False,
0001047469-16-013278_same,True,0001104659-16-121872
0001628280-17-005833_same,True,0001104659-17-034450
0001628280-18-006877_same,True,0001104659-18-033811
0001628280-19-006691_same,True,0001104659-19-028917
0001628280-20-008291_same,False,
0001628280-21-010627_same,True,0001104659-21-068855
0001628280-22-014580_same,True,0001628280-22-014496
0001628280-23-019851_same,False,
0001628280-24-024623_same,False,
0001628280-25-026694_same,False,
0001511737-16-000040_same,False,
0001628280-17-008894_same,False,
0001511737-18-000012_same,True,0001511737-18-000014
0001511737-19-000026_same,False,
0001511737-20-000022_same,True,0001511737-20-000024
0001511737-21-000036_same,True,0001511737-21-000037
0001511737-22-000049_same,True,0001511737-22-000051
0001511737-23-000061_same,True,0001511737-23-000063
0001511737-24-000053_same,True,0001511737-24-000055
0001511737-25-000053_same,True,0001511737-25-000055
0001193125-17-099261_same,False,
0001558370-18-002733_same,False,
0001558370-19-002739_same,False,
0001558370-20-003272_same,False,
0001558370-21-003523_same,False,
0001558370-22-004330_same,False,
0001558370-23-004581_same,False,
0001558370-24-003941_same,False,
0001558370-25-003810_same,False,
0001104659-26-035243_same,False,
0001067701-17-000006_same,True,0001067701-17-000008
0001067701-18-000006_same,True,0001067701-18-000008
0001067701-19-000007_same,True,0001067701-19-000009
0001067701-20-000008_same,True,0001067701-20-000010
0001067701-21-000008_same,True,0001067701-21-000010
0001067701-22-000008_same,True,0001067701-22-000009
0001067701-23-000010_same,True,0001067701-23-000012
0001067701-24-000007_same,True,0001067701-24-000009
0001067701-25-000008_same,True,0001067701-25-000009
0001067701-26-000007_same,True,0001067701-26-000009
0001403161-16-000058_same,False,
0001403161-17-000044_same,False,
0001403161-18-000055_same,False,
0001403161-19-000050_same,False,
0001403161-20-000070_same,False,
0001403161-21-000060_same,False,
0001403161-22-000081_same,False,
0001403161-23-000099_same,False,
0001403161-24-000058_same,False,
0001403161-25-000089_same,False,
0001035002-17-000009_same,False,
0001035002-18-000010_same,False,
0001035002-19-000008_same,False,
0001035002-20-000007_same,False,
0001035002-21-000051_same,False,
0001035002-22-000007_same,False,
0001035002-23-000027_same,False,
0001035002-24-000007_same,False,
0001035002-25-000005_same,False,
0001628280-26-011499_same,False,
0001396009-17-000005_same,False,
0001396009-18-000011_same,False,
0001396009-19-000021_same,False,
0001396009-20-000006_same,False,
0001396009-21-000009_same,False,
0001396009-22-000010_same,False,
0001396009-23-000007_same,False,
0001396009-24-000006_same,False,
0001396009-25-000005_same,False,
0001628280-26-009546_same,False,
0000906107-17-000007_same,False,
0001564590-18-002873_same,False,
0001564590-19-003683_same,False,
0001564590-20-005562_same,False,
0001564590-21-006679_same,False,
0001564590-22-005566_same,False,
0000950170-23-003060_same,False,
0000950170-24-015907_same,False,
0000950170-25-019894_same,False,
0001193125-26-051433_same,False,
0001193125-17-056239_same,False,
0001193125-18-060830_same,False,
0001193125-19-051872_same,False,
0001193125-20-048303_same,False,
0001193125-21-054385_same,False,
0001193125-22-051509_same,False,
0001193125-23-050827_same,False,
0001193125-24-047491_same,False,
0001193125-25-034579_same,False,
0001193125-26-062604_same,False,
0000766704-17-000012_same,True,0000766704-17-000009
0000766704-18-000012_same,False,
0000766704-19-000014_same,False,
0000766704-20-000015_same,False,
0000766704-21-000018_same,True,0000766704-21-000015
0000766704-22-000013_same,True,0000766704-22-000010
0000766704-23-000010_same,False,
0000766704-24-000008_same,False,
0000766704-25-000009_same,True,0000766704-25-000006
0000766704-26-000010_same,False,
0000011544-17-000009_same,False,
0000011544-18-000012_same,False,
0000011544-19-000016_same,False,
0000011544-20-000016_same,False,
0000011544-21-000013_same,False,
0000011544-22-000007_same,False,
0000011544-23-000004_same,False,
0000011544-24-000005_same,False,
0000011544-25-000005_same,False,
0000011544-26-000005_same,False,
0001193125-17-104341_same,False,
0001193125-18-102232_same,False,
0001193125-19-097973_same,False,
0001193125-20-088937_same,False,
0001193125-21-100319_same,False,
0001628280-22-007494_same,False,
0001628280-23-009175_same,False,
0001628280-24-012221_same,False,
0001628280-25-015037_same,False,
0000719955-26-000059_same,False,
0000105770-17-000011_same,False,
0000105770-18-000006_same,False,
0000105770-19-000012_same,False,
0000105770-20-000015_same,False,
0000105770-21-000008_same,False,
0001628280-22-003342_same,False,
0000105770-23-000012_same,False,
0000105770-24-000015_same,False,
0000105770-25-000013_same,False,
0000105770-26-000010_same,False,
0001524472-17-000008_same,False,
0001524472-18-000006_same,False,
0001524472-19-000009_same,False,
0001524472-20-000006_same,False,
0001524472-21-000008_same,False,
0001524472-22-000009_same,False,
0001524472-23-000009_same,False,
0001524472-24-000006_same,False,
0001524472-25-000013_same,False,
0001524472-26-000012_same,False,
