outcome,specification,term,coefficient,se_HC3,p_value,ci_low,ci_high,n,r2,p_holm_all_reported_tests
car_-1_1,tone,tone,-0.05863261815941913,0.28598744831241213,0.8375579429734915,-0.6191577168822572,0.501892480563419,500.0,0.00010643523443132352,1.0
car_-1_1,tone + C(fiscal_year),tone,-0.040204738678380314,0.28788515974142037,0.8889322074890739,-0.6044492834551245,0.524039806098364,500.0,0.01918463422997574,1.0
car_-1_1,tone + C(fiscal_year) + C(ticker),tone,1.317279796244656,1.6217503016340564,0.41664355553677934,-1.8612923868750637,4.495851979364376,500.0,0.10296627139826808,1.0
car_-1_1,negative_rate + uncertainty_rate,negative_rate,-0.1349433315856966,0.5096653173221471,0.7911877893219299,-1.133868997706283,0.8639823345348899,500.0,0.0005451718764407643,1.0
car_-1_1,negative_rate + uncertainty_rate,uncertainty_rate,0.16146587357464987,0.4180041680314284,0.6992906864641524,-0.6578072411545788,0.9807389883038786,500.0,0.0005451718764407643,1.0
car_-1_1,generic_tone,generic_tone,0.08118535540553033,0.13556642070621597,0.5492660077431334,-0.184519946691658,0.3468906575027187,500.0,0.0005928441945515228,1.0
car_-1_1,delta_tone,delta_tone,1.898472173339146,1.6651638288953052,0.2542399158247852,-1.365188959654469,5.162133306332761,450.0,0.018719288665574263,1.0
car_-1_1,delta_tone + C(fiscal_year),delta_tone,1.846002508175855,1.7428306953667974,0.28950968852202585,-1.569882885893966,5.261887902245676,450.0,0.03542234585576354,1.0
car_-1_1,delta_tone + C(fiscal_year) + C(ticker),delta_tone,1.7674623448560898,1.5687531053639456,0.2598833025532754,-1.3072372422926122,4.8421619320047915,450.0,0.11798217174501624,1.0
car_-1_1,tone + log_assets + liabilities_assets + roa + C(fiscal_year),tone,-0.2922004967528243,0.45828017710357877,0.5237325955582814,-1.190413138704476,0.6060121451988276,441.0,0.020592409007945456,1.0
car_-1_1,delta_tone + log_assets + liabilities_assets + roa + C(fiscal_year),delta_tone,1.7565849550637493,2.0000049178153185,0.37978618875128645,-2.1633526527572657,5.676522562884764,397.0,0.03544288328305045,1.0
car_-3_3,tone,tone,0.023096484836773835,0.3980578451849923,0.9537303590928164,-0.7570825554894317,0.8032755251629794,500.0,9.681751376167114e-06,1.0
car_-3_3,tone + C(fiscal_year),tone,0.07626983297384253,0.3969396965869343,0.8476289128558372,-0.7017176763708053,0.8542573423184903,500.0,0.028135604858667063,1.0
car_-3_3,tone + C(fiscal_year) + C(ticker),tone,0.016315353507625086,1.2029807687748097,0.989179070908027,-2.3414836273853084,2.3741143344005584,500.0,0.07467277041949438,1.0
car_-3_3,negative_rate + uncertainty_rate,negative_rate,0.43408119820874147,0.47705332891871227,0.3628637802935468,-0.5009261451768748,1.3690885415943579,500.0,0.004278331305005767,1.0
car_-3_3,negative_rate + uncertainty_rate,uncertainty_rate,-0.611428763707153,0.41521682604669513,0.14087161838984574,-1.4252387885337081,0.20238126111940202,500.0,0.004278331305005767,1.0
car_-3_3,generic_tone,generic_tone,0.21178748454000393,0.17471597210304257,0.22544287777850802,-0.13064952830586432,0.5542244973858722,500.0,0.0023650540358473027,1.0
car_-3_3,delta_tone,delta_tone,-0.6473031820267723,0.9062182204466364,0.47504748608668335,-2.4234582562361586,1.1288518921826143,450.0,0.001280563379184918,1.0
car_-3_3,delta_tone + C(fiscal_year),delta_tone,-0.7617923768857501,0.9278145918258073,0.4116115229823353,-2.580275561195063,1.0566908074235628,450.0,0.030754657008427277,1.0
car_-3_3,delta_tone + C(fiscal_year) + C(ticker),delta_tone,-1.071574869610684,1.1573822981752178,0.35451833915511854,-3.3400024903783088,1.196852751156941,450.0,0.08197628945124613,1.0
car_-3_3,tone + log_assets + liabilities_assets + roa + C(fiscal_year),tone,-0.5538282092963395,0.5658941521755201,0.32773906003754494,-1.6629603666221877,0.5553039480295087,441.0,0.04808848875112515,1.0
car_-3_3,delta_tone + log_assets + liabilities_assets + roa + C(fiscal_year),delta_tone,-0.7878938891075207,0.9517442365048816,0.4077599634959064,-2.65327831515066,1.0774905369356187,397.0,0.04541435414659545,1.0
car_-5_5,tone,tone,0.04760894809627383,0.49097814918898586,0.9227521645421277,-0.9146905415102721,1.0099084377028198,500.0,2.5550148202824197e-05,1.0
car_-5_5,tone + C(fiscal_year),tone,0.14183159345529428,0.4804726626913436,0.7678473604494113,-0.7998775209758009,1.0835407078863895,500.0,0.039850455901552895,1.0
car_-5_5,tone + C(fiscal_year) + C(ticker),tone,0.43344726232956476,1.2628110872184806,0.7314179239043812,-2.041616987896526,2.9085115125556555,500.0,0.11658967217681782,1.0
car_-5_5,negative_rate + uncertainty_rate,negative_rate,0.1437606604745585,0.642031018219325,0.8228230982925676,-1.1145970121928976,1.4021183331420146,500.0,0.001293799668878437,1.0
car_-5_5,negative_rate + uncertainty_rate,uncertainty_rate,-0.43243583417213716,0.5359341573005255,0.4197342449487891,-1.482847480565991,0.6179758122217168,500.0,0.001293799668878437,1.0
car_-5_5,generic_tone,generic_tone,0.26349036614943366,0.2296719447660312,0.25127970189878945,-0.18665837385126005,0.7136391061501274,500.0,0.002273652382077773,1.0
car_-5_5,delta_tone,delta_tone,-0.7534675973031999,1.3673761432871587,0.5816119458213511,-3.4334755914653114,1.9265403968589117,450.0,0.0010800543359887893,1.0
car_-5_5,delta_tone + C(fiscal_year),delta_tone,-0.2223115121280137,1.3946847419367563,0.8733544369378623,-2.9558433761115954,2.511220351855568,450.0,0.04130594063000237,1.0
car_-5_5,delta_tone + C(fiscal_year) + C(ticker),delta_tone,-0.426485253852875,1.4346904082220902,0.7662631311281584,-3.2384267829332396,2.3854562752274893,450.0,0.12043921680703096,1.0
car_-5_5,tone + log_assets + liabilities_assets + roa + C(fiscal_year),tone,-0.6961082170218318,0.704399002813795,0.32304002547213595,-2.0767048932827983,0.6844884592391345,441.0,0.06905986441756495,1.0
car_-5_5,delta_tone + log_assets + liabilities_assets + roa + C(fiscal_year),delta_tone,-0.4058495756665142,1.560103172086356,0.7947536401982301,-3.4635956051224666,2.651896453789438,397.0,0.06591729890309883,1.0
mar_-1_1,tone,tone,-0.1530773323656664,0.27651213040349654,0.5798520889012693,-0.6950311492449626,0.3888764845136297,500.0,0.0006993845851757108,1.0
mar_-1_1,tone + C(fiscal_year),tone,-0.13718940511499733,0.2780863980525577,0.621776786132769,-0.6822287298884798,0.40784991965848516,500.0,0.01752026690148223,1.0
mar_-1_1,tone + C(fiscal_year) + C(ticker),tone,1.1720566974645448,1.4598140705401572,0.4220436310381924,-1.689126304918977,4.033239699848067,500.0,0.10786192040394926,1.0
mar_-1_1,negative_rate + uncertainty_rate,negative_rate,0.09397102128691961,0.4897116898431991,0.8478279786355577,-0.8658462536140001,1.0537882961878393,500.0,0.00035413747788437533,1.0
mar_-1_1,negative_rate + uncertainty_rate,uncertainty_rate,0.06210867932285555,0.40367400347865107,0.8777213014027959,-0.729077828990397,0.8532951876361081,500.0,0.00035413747788437533,1.0
mar_-1_1,generic_tone,generic_tone,0.047164367574721866,0.13916048097412678,0.734669470305213,-0.22558516320583805,0.3199138983552818,500.0,0.00019288597421529552,1.0
mar_-1_1,delta_tone,delta_tone,1.8928949760894556,1.5129304566989765,0.21088167667862412,-1.0723942301542744,4.8581841823331855,450.0,0.017935946136918846,1.0
mar_-1_1,delta_tone + C(fiscal_year),delta_tone,1.9479251957720567,1.568912066711511,0.21439265832652132,-1.1270859498928074,5.022936341436921,450.0,0.03448739221544139,1.0
mar_-1_1,delta_tone + C(fiscal_year) + C(ticker),delta_tone,1.857030555131759,1.4114813161120658,0.1882879364063138,-0.9094219892990851,4.623483099562603,450.0,0.13039298345644557,1.0
mar_-1_1,tone + log_assets + liabilities_assets + roa + C(fiscal_year),tone,-0.4216501962233312,0.441796960053799,0.33988214822369234,-1.2875563264080583,0.44425593396139573,441.0,0.02157625243067207,1.0
mar_-1_1,delta_tone + log_assets + liabilities_assets + roa + C(fiscal_year),delta_tone,1.9256959663663828,1.7980996244154692,0.2841866171754529,-1.5985145381029346,5.449906470835701,397.0,0.037599266689594235,1.0
