alignment,specification,outcome,term,coefficient,se_cluster,p_cluster,ci_low,ci_high,N,clusters,p_holm
same,baseline_tone,car_-1_1,tone,-0.40288254897342934,0.23654767204171298,0.09167245264217619,-0.8722444496969006,0.06647935175004188,1000,100,1.0
same,numeric_tables_removed_tone,car_-1_1,clean_tone,-0.4378040099554768,0.2606891019543498,0.09622550074549674,-0.9550677451471374,0.07945972523618378,1000,100,1.0
same,numeric_tables_removed_delta,car_-1_1,clean_delta_tone,-0.8142280696191324,0.6398724584214892,0.2061813825785729,-2.083873848472326,0.4554177092340612,900,100,1.0
same,negativity_car,car_-1_1,negativity,0.03975360900765773,0.19740312337409985,0.8408123971394462,-0.35193701468733607,0.43144423270265153,1000,100,1.0
same,negativity_bhar,bhar_0_3,negativity,0.0386379006544178,0.23912586598877048,0.8719660936919619,-0.43583969620328245,0.513115497512118,1000,100,1.0
same,clean_negativity_bhar,bhar_0_3,clean_negativity,0.007907884695301182,0.2406381929322138,0.9738506922209703,-0.46957049691992014,0.4853862663105225,1000,100,1.0
next,baseline_tone,car_-1_1,tone,-0.21843272205847555,0.25422506395968436,0.3923003599628047,-0.7228704034854223,0.28600495936847126,1000,100,1.0
next,numeric_tables_removed_tone,car_-1_1,clean_tone,-0.22185433819409495,0.2741470620724666,0.42031030659502405,-0.7658215859858968,0.3221129095977069,1000,100,1.0
next,numeric_tables_removed_delta,car_-1_1,clean_delta_tone,-0.37560789612186785,0.526638632131464,0.47738903596408416,-1.4205731973574018,0.6693574051136661,900,100,1.0
next,negativity_car,car_-1_1,negativity,0.011032827761328162,0.202920163024794,0.9567497198890222,-0.39160479953114735,0.4136704550538036,1000,100,1.0
next,negativity_bhar,bhar_0_3,negativity,-0.043933765323625,0.18604887631718717,0.8138111302399539,-0.4130950995357925,0.32522756888854243,1000,100,1.0
next,clean_negativity_bhar,bhar_0_3,clean_negativity,-0.047205705155191985,0.18841011217095754,0.8026831177017473,-0.4210522435751043,0.32664083326472027,1000,100,1.0
acceptance,baseline_tone,car_-1_1,tone,-0.24790170269522818,0.2599017950521508,0.34249368584747825,-0.7636032501854445,0.2677998447949882,1000,100,1.0
acceptance,numeric_tables_removed_tone,car_-1_1,clean_tone,-0.2720272658990514,0.28506835165033323,0.34227993602106577,-0.8376647216044404,0.2936101898063375,1000,100,1.0
acceptance,numeric_tables_removed_delta,car_-1_1,clean_delta_tone,-0.8937901923316712,0.637530561380116,0.16405584212376853,-2.158789139376502,0.3712087547131596,900,100,1.0
acceptance,negativity_car,car_-1_1,negativity,-0.09476051749760661,0.20962350319688092,0.6522211344045019,-0.5106990259917872,0.32117799099657396,1000,100,1.0
acceptance,negativity_bhar,bhar_0_3,negativity,-0.0039378754343475375,0.2298617032943522,0.9863661888842006,-0.4600333636315285,0.45215761276283345,1000,100,1.0
acceptance,clean_negativity_bhar,bhar_0_3,clean_negativity,-0.003769692022488058,0.2297473908990028,0.9869419304942055,-0.45963835962704036,0.45209897558206424,1000,100,1.0
